"Kinase","Substrate","Site","PrimarySource","SecondarySource"
"O75582","Q15831","S428","EPSD","RegPhos"
"O75582","Q15831","S428","iPTMNet","HPRD"
"P17612","Q15831","S428","EPSD","RegPhos"
"P17612","Q15831","S428","iPTMNet","HPRD"
"P23443","Q15831","S428","iPTMNet","HPRD"
"P51812","Q15831","S428","iPTMNet","HPRD"
"P51812","Q15831","S428","EPSD","RegPhos"
"Q05513","Q15831","S307","PhosphoSitePlus",NA
"Q05513","Q15831","S428","PhosphoSitePlus",NA
"Q13315","Q15831","T363","EPSD","RegPhos"
"Q13315","Q15831","T363","EPSD","PostMod"
"Q13315","Q15831","T363","iPTMNet","HPRD"
"Q13315","Q15831","T363","iPTMNet","Phospho.ELM"
"Q13315","Q15831","T363","EPSD","Phospho.ELM"
"Q15831","O14744","T132","PhosphoSitePlus",NA
"Q15831","O14744","T144","PhosphoSitePlus",NA
"Q15831","O14744","T139","PhosphoSitePlus",NA
"Q15831","O60285","T211","EPSD","PhosphoSitePlus"
"Q15831","O60285","T211","EPSD","Phospho.ELM"
"Q15831","O60285","T211","PhosphoSitePlus",NA
"Q15831","O60285","T211","EPSD","PSEA"
"Q15831","O60285","T211","EPSD","RegPhos"
"Q15831","P04637","S15","EPSD","PhosphoSitePlus"
"Q15831","P04637","S392","EPSD","PhosphoSitePlus"
"Q15831","P04637","S15","EPSD","PSEA"
"Q15831","P04637","S15","PhosphoSitePlus",NA
"Q15831","P04637","S392","PhosphoSitePlus",NA
"Q15831","P04637","S392","EPSD","PSEA"
"Q15831","P26599","T138","PhosphoSitePlus",NA
"Q15831","P27448","T211","EPSD","RegPhos"
"Q15831","P27448","T211","EPSD","PSEA"
"Q15831","P27448","T211","EPSD","Phospho.ELM"
"Q15831","P27448","S215","EPSD","PSEA"
"Q15831","P27448","T211","EPSD","PhosphoSitePlus"
"Q15831","P27448","S215","PhosphoSitePlus",NA
"Q15831","P27448","T211","PhosphoSitePlus",NA
"Q15831","P27448","S215","EPSD","PhosphoSitePlus"
"Q15831","P38936","T80","PhosphoSitePlus",NA
"Q15831","P54646","T172","PhosphoSitePlus",NA
"Q15831","P54646","T172","EPSD","RegPhos"
"Q15831","P57059","T182","EPSD","PhosphoSitePlus"
"Q15831","P57059","T182","EPSD","RegPhos"
"Q15831","P57059","T182","EPSD","Phospho.ELM"
"Q15831","P57059","T182","EPSD","PSEA"
"Q15831","P57059","T182","PhosphoSitePlus",NA
"Q15831","P60484","T382","EPSD","PhosphoSitePlus"
"Q15831","P60484","T382","EPSD","PSEA"
"Q15831","P60484","T382","PhosphoSitePlus",NA
"Q15831","P60484","T382","EPSD","Phospho.ELM"
"Q15831","P60484","S385","EPSD","RegPhos"
"Q15831","P60484","S380","EPSD","PhosphoSitePlus"
"Q15831","P60484","T383","PhosphoSitePlus",NA
"Q15831","P60484","T383","EPSD","PhosphoSitePlus"
"Q15831","P60484","S380","EPSD","PSEA"
"Q15831","P60484","S385","iPTMNet","HPRD"
"Q15831","P60484","S380","PhosphoSitePlus",NA
"Q15831","P60484","T383","EPSD","PSEA"
"Q15831","P60484","T382","EPSD","RegPhos"
"Q15831","Q13131","T183","PhosphoSitePlus",NA
"Q15831","Q13131","T183","EPSD","Phospho.ELM"
"Q15831","Q13131","T183","EPSD","RegPhos"
"Q15831","Q13131","T183","EPSD","PhosphoSitePlus"
"Q15831","Q13131","T183","EPSD","PSEA"
"Q15831","Q13153","T109","EPSD","PhosphoSitePlus"
"Q15831","Q13153","T109","PhosphoSitePlus",NA
"Q15831","Q13153","T109","EPSD","PSEA"
"Q15831","Q13485","T77","EPSD","PhosphoSitePlus"
"Q15831","Q13485","T77","PhosphoSitePlus",NA
"Q15831","Q13485","T77","EPSD","PSEA"
"Q15831","Q14680","T167","EPSD","RegPhos"
"Q15831","Q14680","T167","EPSD","PSEA"
"Q15831","Q14680","T167","EPSD","PhosphoSitePlus"
"Q15831","Q14680","T167","PhosphoSitePlus",NA
"Q15831","Q14680","T167","EPSD","Phospho.ELM"
"Q15831","Q15831","T402","PhosphoSitePlus",NA
"Q15831","Q15831","T402","PhosphoSitePlus",NA
"Q15831","Q15831","T336","EPSD","PSEA"
"Q15831","Q15831","T336","EPSD","PSEA"
"Q15831","Q15831","T189","EPSD","PSEA"
"Q15831","Q15831","T189","EPSD","PSEA"
"Q15831","Q15831","S428","EPSD","PSEA"
"Q15831","Q15831","S428","EPSD","PSEA"
"Q15831","Q15831","S428","PhosphoSitePlus",NA
"Q15831","Q15831","S428","PhosphoSitePlus",NA
"Q15831","Q15831","T189","iPTMNet","HPRD"
"Q15831","Q15831","T189","iPTMNet","HPRD"
"Q15831","Q15831","S428","EPSD","PhosphoSitePlus"
"Q15831","Q15831","S428","EPSD","PhosphoSitePlus"
"Q15831","Q15831","T336","EPSD","PhosphoSitePlus"
"Q15831","Q15831","T336","EPSD","PhosphoSitePlus"
"Q15831","Q15831","T185","EPSD","PSEA"
"Q15831","Q15831","T185","EPSD","PSEA"
"Q15831","Q15831","T189","PhosphoSitePlus",NA
"Q15831","Q15831","T189","PhosphoSitePlus",NA
"Q15831","Q15831","T185","EPSD","PhosphoSitePlus"
"Q15831","Q15831","T185","EPSD","PhosphoSitePlus"
"Q15831","Q15831","T402","EPSD","PhosphoSitePlus"
"Q15831","Q15831","T402","EPSD","PhosphoSitePlus"
"Q15831","Q15831","T336","PhosphoSitePlus",NA
"Q15831","Q15831","T336","PhosphoSitePlus",NA
"Q15831","Q15831","T189","EPSD","PhosphoSitePlus"
"Q15831","Q15831","T189","EPSD","PhosphoSitePlus"
"Q15831","Q15831","T402","EPSD","PSEA"
"Q15831","Q15831","T402","EPSD","PSEA"
"Q15831","Q15831","T185","PhosphoSitePlus",NA
"Q15831","Q15831","T185","PhosphoSitePlus",NA
"Q15831","Q15831","T363","PhosphoSitePlus",NA
"Q15831","Q15831","T363","PhosphoSitePlus",NA
"Q15831","Q15831","T189","EPSD","Phospho.ELM"
"Q15831","Q15831","T189","EPSD","Phospho.ELM"
"Q15831","Q15831","T189","EPSD","RegPhos"
"Q15831","Q15831","T189","EPSD","RegPhos"
"Q15831","Q15831","T363","EPSD","PSEA"
"Q15831","Q15831","T363","EPSD","PSEA"
"Q15831","Q15831","T336","EPSD","RegPhos"
"Q15831","Q15831","T336","EPSD","RegPhos"
"Q15831","Q15831","T363","EPSD","PhosphoSitePlus"
"Q15831","Q15831","T363","EPSD","PhosphoSitePlus"
"Q15831","Q6UUV9","S151","PhosphoSitePlus",NA
"Q15831","Q7KZI7","T208","EPSD","RegPhos"
"Q15831","Q7KZI7","T208","PhosphoSitePlus",NA
"Q15831","Q7KZI7","T208","EPSD","Phospho.ELM"
"Q15831","Q7KZI7","T208","EPSD","PSEA"
"Q15831","Q7KZI7","T208","EPSD","PhosphoSitePlus"
"Q15831","Q7RTN6","T329","PhosphoSitePlus",NA
"Q15831","Q7RTN6","T419","EPSD","RegPhos"
"Q15831","Q7RTN6","T419","EPSD","PhosphoSitePlus"
"Q15831","Q7RTN6","T329","EPSD","PSEA"
"Q15831","Q7RTN6","T292","iPTMNet","HPRD"
"Q15831","Q7RTN6","T419","PhosphoSitePlus",NA
"Q15831","Q7RTN6","T329","EPSD","RegPhos"
"Q15831","Q7RTN6","T419","EPSD","PSEA"
"Q15831","Q7RTN6","T329","EPSD","PhosphoSitePlus"
"Q15831","Q8IWQ3","T174","EPSD","PhosphoSitePlus"
"Q15831","Q8IWQ3","T174","EPSD","RegPhos"
"Q15831","Q8IWQ3","T174","PhosphoSitePlus",NA
"Q15831","Q8IWQ3","T174","EPSD","Phospho.ELM"
"Q15831","Q8IWQ3","T174","EPSD","PSEA"
"Q15831","Q8TDC3","T189","EPSD","Phospho.ELM"
"Q15831","Q8TDC3","T189","EPSD","PhosphoSitePlus"
"Q15831","Q8TDC3","T189","PhosphoSitePlus",NA
"Q15831","Q8TDC3","T189","EPSD","RegPhos"
"Q15831","Q8TDC3","T189","EPSD","PSEA"
"Q15831","Q96EB6","S615","PhosphoSitePlus",NA
"Q15831","Q96EB6","S732","PhosphoSitePlus",NA
"Q15831","Q96EB6","S669","PhosphoSitePlus",NA
"Q15831","Q96L34","T214","PhosphoSitePlus",NA
"Q15831","Q96L34","T214","EPSD","Phospho.ELM"
"Q15831","Q96L34","T214","EPSD","RegPhos"
"Q15831","Q96L34","T214","EPSD","PhosphoSitePlus"
"Q15831","Q96L34","T214","EPSD","PSEA"
"Q15831","Q9H093","T208","EPSD","RegPhos"
"Q15831","Q9H093","T208","EPSD","PSEA"
"Q15831","Q9H093","T208","EPSD","PhosphoSitePlus"
"Q15831","Q9H093","T208","EPSD","Phospho.ELM"
"Q15831","Q9H093","T208","PhosphoSitePlus",NA
"Q15831","Q9H0K1","T175","EPSD","Phospho.ELM"
"Q15831","Q9H0K1","T175","EPSD","PhosphoSitePlus"
"Q15831","Q9H0K1","T175","EPSD","PSEA"
"Q15831","Q9H0K1","T175","EPSD","RegPhos"
"Q15831","Q9H0K1","T175","PhosphoSitePlus",NA
"Q15831","Q9NRH2","T173","EPSD","Phospho.ELM"
"Q15831","Q9NRH2","T173","iPTMNet","HPRD"
"Q15831","Q9NRH2","T173","EPSD","PhosphoSitePlus"
"Q15831","Q9NRH2","T173","EPSD","RegPhos"
"Q15831","Q9NRH2","T173","PhosphoSitePlus",NA
"Q15831","Q9NRH2","T173","EPSD","PSEA"
"Q15831","Q9P0L2","S219","iPTMNet","HPRD"
"Q15831","Q9P0L2","T215","EPSD","PSEA"
"Q15831","Q9P0L2","T215","EPSD","RegPhos"
"Q15831","Q9P0L2","T215","PhosphoSitePlus",NA
"Q15831","Q9P0L2","T215","iPTMNet","HPRD"
"Q15831","Q9P0L2","S219","EPSD","RegPhos"
"Q15831","Q9P0L2","T215","EPSD","PhosphoSitePlus"
"Q15831","Q9P0L2","T215","EPSD","Phospho.ELM"
"Q15831","Q9Y2K2","T163","EPSD","RegPhos"
"Q15831","Q9Y2K2","T221","PhosphoSitePlus",NA
"Q15831","Q9Y2K2","T163","EPSD","Phospho.ELM"
